id,email,first_name,surname,password
,tod@stehr.info,Yesenia,McClure,foobar
,emelie.balistreri@nicolas.biz,Adolph,Pollich,foobar
,delbert@weber.biz,Monserrate,Cronin,foobar
,elouise@muller.name,Napoleon,Morissette,foobar
,sammie@wisokytorp.com,Zora,Johns,foobar
,fleta@reichertcasper.com,Jay,McClure,foobar
,kristoffer.kshlerin@bashirian.biz,Jermey,Kerluke,foobar
,felipe.bartell@vandervortharber.biz,Chance,Windler,foobar
,marcelo@frami.net,Elvie,Daniel,foobar
,felipe.mayer@durgan.org,Kasandra,Dickinson,foobar
,glen@kleinrobel.info,Haleigh,Yost,foobar
,aditya_rutherford@hartmannhaley.name,Neha,Moen,foobar
,adella@prosacco.name,Alan,VonRueden,foobar
,ted@pfefferrosenbaum.net,Valerie,Wiegand,foobar
,erling_schumm@spinka.biz,Jon,Renner,foobar
,kathleen@macgyver.net,Della,Blanda,foobar
,sonya@witting.info,Iva,Reinger,foobar
,margaret.jast@effertzschuppe.net,Alice,Hackett,foobar
,destin_schneider@mclaughlinquigley.biz,Susanna,Luettgen,foobar
,florida_cronin@denesik.org,Talon,Kunde,foobar
